{
    "losses": [
        0.3844820874761035,
        0.1776230137116079,
        0.13316782502763308
    ],
    "accuracies": [
        93.96,
        94.89,
        96.37
    ]
}